{
  "M1": {
    "score": 0.5990313235138943,
    "per_k": {
      "1.0": 0.5535,
      "10.0": 0.6093,
      "30.0": 0.6343
    }
  },
  "M3": {
    "score": 0.6120993423485254,
    "per_k": {
      "1.0": 0.557,
      "10.0": 0.6142,
      "30.0": 0.6651
    }
  },
  "M5": {
    "score": 0.6114202684872619,
    "per_k": {
      "1.0": 0.5555,
      "10.0": 0.628,
      "30.0": 0.6508
    }
  }
}