{
  "source_cal_a0.0": {
    "score": 0.5969252321853085,
    "per_k": {
      "1.0": 0.5638,
      "10.0": 0.6079,
      "30.0": 0.6191
    }
  },
  "source_cal_a1.0": {
    "score": 0.5965698272819732,
    "per_k": {
      "1.0": 0.5615,
      "10.0": 0.6076,
      "30.0": 0.6206
    }
  },
  "source_cal_a0.1": {
    "score": 0.5965408179732798,
    "per_k": {
      "1.0": 0.5613,
      "10.0": 0.6078,
      "30.0": 0.6205
    }
  },
  "cal_a1.0": {
    "score": 0.5940621805068972,
    "per_k": {
      "1.0": 0.5522,
      "10.0": 0.61,
      "30.0": 0.62
    }
  },
  "cal_a3.0": {
    "score": 0.5818361188254979,
    "per_k": {
      "1.0": 0.5588,
      "10.0": 0.5893,
      "30.0": 0.5974
    }
  }
}