{
  "source_cal_a0.1": {
    "score": 0.5759436185838691,
    "per_k": {
      "1.0": 0.5588,
      "10.0": 0.5788,
      "30.0": 0.5902
    }
  },
  "source_cal_a0.0": {
    "score": 0.5754209023748784,
    "per_k": {
      "1.0": 0.5576,
      "10.0": 0.5809,
      "30.0": 0.5877
    }
  },
  "source_cal_a1.0": {
    "score": 0.5710259602416466,
    "per_k": {
      "1.0": 0.5608,
      "10.0": 0.5765,
      "30.0": 0.5758
    }
  },
  "cal_a1.0": {
    "score": 0.563810592296431,
    "per_k": {
      "1.0": 0.541,
      "10.0": 0.5814,
      "30.0": 0.569
    }
  },
  "cal_a10.0": {
    "score": 0.5449489969302062,
    "per_k": {
      "1.0": 0.5424,
      "10.0": 0.5471,
      "30.0": 0.5454
    }
  },
  "cal_a0.1": {
    "score": 0.5355913570714769,
    "per_k": {
      "1.0": 0.4503,
      "10.0": 0.5672,
      "30.0": 0.5893
    }
  },
  "cal_a0.01": {
    "score": 0.5240092471778202,
    "per_k": {
      "1.0": 0.4218,
      "10.0": 0.5638,
      "30.0": 0.5864
    }
  }
}